name,firm_type,countries,check_size,stages,lead_status,thesis,value_add,typical_terms,reply_rate,profile_url,source_category
Tunitas Ventures,VC firm,USA,$500k to $1M,3. Early Revenue,Sometimes,"We invest in category creating companies across all Tech sectors, in the post-revenue to pre-Series A stage.",Our main value-add is helping our portfolio companies raise their next round of funding.,,50%,https://www.openvc.app/fund/Tunitas%20Ventures,venture-capital-firms
Maniv Mobility,VC firm,"Brazil, Canada",$1M to $5M,"1. Idea or Patent, 2. Prototype",,We invest in the world's leading mobility start-ups changing the way people and goods move around the world.,"Extensive network within the broader mobility ecosystem, including automotive OEMs, tier 1s (part suppliers), energy companies, infrastructure players, and more. Domain-specific expertise and proven track record in helping companies scale from seed to growth stage.",,50%,https://www.openvc.app/fund/Maniv%20Mobility,venture-capital-firms
Sentiero Ventures,VC firm,"Canada, USA",$200k to $500k,"2. Prototype, 3. Early Revenue",Sometimes,"We invest in B2B AI-enabled SaaS startups that have a full product ready and have one commercial pilot completed. We look for founders with prior experience in the industry and we must, as a firm, have some experience/expertise in the industry. Any solutions we evaluate must solve a defined business problem. All investments must have clearly defined expected outcomes for investment, not just ""we'll spend it on engineers and ads"".","With a venture capital investment from us, startups gain access to a world class group of entrepreneurs, operators, and angel investors to help them operate and scale.",,86%,https://www.openvc.app/fund/Sentiero%20Ventures,venture-capital-firms
Advantary Capital,VC firm,USA,$2M to $10M,"3. Early Revenue, 4. Scaling",Always,"We invest in Seed through growth, sector agnostic. Must be revenue-generating, min check $2M","We support value creation through active engagement. Where appropriate, we sometimes pair capital with advisory services to support and accelerate value creation, through Advantary Services Group (ASG).",,40%,https://www.openvc.app/fund/Advantary%20Capital,venture-capital-firms
Curiosity VC,VC firm,"Belgium, Denmark",$500k to $1M,"3. Early Revenue, 4. Scaling",Sometimes,"We invest in B2B software with a focus on applications of AI in Fintech, Proptech, Legaltech, Enterprise Software, MarketingTech, Cyber Security, Energy and ClimateTech.","We offer support for product development, sales/GTM, recruiting, strategic & financial management and follow-on funding, through our extensive operator & investor experience and network, our expert advisor group and our engaged community of AI portfolio founders, who all become co-owners in our fund.",,33%,https://www.openvc.app/fund/Curiosity%20VC,venture-capital-firms
Cofounders Capital,VC firm,USA,$300k to $1M,"1. Idea or Patent, 2. Prototype",,"We invest in B2B software ventures, seed stage, in North Carolina and the Southeast United States.","Fundraising, hiring, sales, and other support.",,29%,https://www.openvc.app/fund/Cofounders%20Capital,venture-capital-firms
Hard2beat,VC firm,Poland,$130k to $800k,"1. Idea or Patent, 2. Prototype",Sometimes,"We invest in early-stage Polish deeptech startups with a clear technological edge, solving hard problems through software-driven or hardware-enabled solutions. Our focus areas include dual-use, spacetech, biotech, medtech, IoT, enterprise software, devtools, manufacturing, quantum computing.","We blend firsthand founder experience (scaling businesses to €14M+ ARR, multiple exits) with deep VC expertise (100+ investments). We support our portfolio companies through hands-on advice on global sales, R&D, fundraising, and legal structuring – no fluff, no micromanaging. We also give access to local and international network of 250+ investors, angels, and industry partners.",,50%,https://www.openvc.app/fund/Hard2beat,venture-capital-firms
G2C Venture Partne...,VC firm,USA,$250k to $2.5M,3. Early Revenue,Always,"We invest in AI-driven enterprise software companies transforming how businesses operate, compete, and scale. We believe the next decade of enterprise value will be shaped by intelligent software that automates workflows, augments decision-making, and drives efficiency. Our focus is on early-stage teams building category-defining products with strong technical foundations, clear use cases, and the potential to become essential to modern enterprises.","We support early-stage AI and SaaS founders with GTM strategy, customer introductions, fundraising narrative, and investor network access — helping portfolio companies reach product-market fit and scale toward Series A and beyond.",,67%,https://www.openvc.app/fund/G2C%20Venture%20Partners,venture-capital-firms
Step Venture,VC firm,Italy,$500k to $2M,"2. Prototype, 3. Early Revenue",Always,"We invest in early stage startups based in Italy working on AI, B2B Software, Fintech/Insurtech, Connected World, Digital Health","We support exceptional founders by:
- Sparring Partnership: We provide strategic guidance and challenge your thinking as experienced entrepreneurs (we have been founders ourselves).
- Network Access: We leverage our extensive network to connect you with key industry players, investors, and potential partners.
- Hands-Off Approach: We respect your autonomy and focus on empowering you to lead your company.
- Perks & Benefits: We offer valuable perks to help you and your team thrive.",,50%,https://www.openvc.app/fund/Step%20Venture,venture-capital-firms
Hadley Point Capit...,VC firm,USA,$25k to $500k,"1. Idea or Patent, 2. Prototype",Sometimes,"We invest in founders at the intersection of three things: a founder with real conviction, a market-changing or market-evolving idea, and a place where our operating experience materially helps. All three are required. We write $25k to $500k checks at pre-seed and seed. We’re sector-agnostic, with three exclusions: deep biotech and hard science, hardware-first, and crypto/web3. We lead and follow rounds, and we decide within two weeks.","We work with founders on the calls that shape a company’s first chapter: product, technical architecture, hiring, go-to-market, and the systems that turn a plan into a working business. You get direct answers, not hedged ones. We move fast, and we don’t make founders trade speed for a partner who stays for the long run. We take a board seat only where we can earn one by shortening your time to scale or reducing the equity you sell.",,50%,https://www.openvc.app/fund/Hadley%20Point%20Capital,venture-capital-firms
Yellowfin Capital ...,VC firm,"UAE, Saudi Arabia",$100k to $1M,"3. Early Revenue, 4. Scaling",Sometimes,"We invest in technology ventures and amplify their value by facilitating their strategic expansion into complementary cross-regional markets – unlocking exponential growth.

Leveraging our extensive international network, deep portfolio management expertise, established operational infrastructure, and venture building experience, we catalyze rapid yet sustainable growth and decisive market penetration.

Our investment ticket ranges between US$ 100K to US$ 1M","We invest in technology ventures and amplify their value by facilitating their strategic expansion into complementary cross-regional markets – unlocking exponential growth.

Leveraging our extensive international network, deep portfolio management expertise, established operational infrastructure, and venture building experience, we catalyze rapid yet sustainable growth and decisive market penetration.",,100%,https://www.openvc.app/fund/Yellowfin%20Capital%20Partners,venture-capital-firms
Odyssée Venture,VC firm,France,$500k to $5M,"1. Idea or Patent, 3. Early Revenue",Always,"We invest in French startups and SMEs (Series A/B) to drive organic growth and M&A build-ups. Key sectors: SaaS, B2B Software, Fintech, HealthTech, Cybersecurity, MedTech, Greentech, and Digital Transformation. As an agile lead investor with over 20 years of expertise, we provide strategic support to help ambitious entrepreneurs scale while prioritizing resilient business models and structural market shifts.","Beyond capital, we provide hands-on strategic guidance. As lead investors, we support founders through critical phases: international expansion, external growth (build-ups), and future fundraising. Our agile team ensures direct access and fast decision-making. We leverage our 20+ year track record and cross-sector expertise to help startups transform into market leaders via a frank, direct, and entrepreneur-centric relationship focused on long-term value creation.",,100%,https://www.openvc.app/fund/Odyss%C3%A9e%20Venture,venture-capital-firms
Avenue Growth Part...,VC firm,"USA, Canada",$7M to $20M,"3. Early Revenue, 4. Scaling",Always,"We invest in B2B software companies that have nailed their niche.

-B2B vertical software
-Strong growth, low burn
-Product-market fit ($1.5M+ in ARR)","Avenue partners with early growth vertical software founders and helps scale businesses from $2–8M ARR toward $20–50M+. One of our cofounders joins the board of every company we back, and our operating partners work alongside management on go-to-market strategy, pricing, hiring, and operational scaling. We invest as non-control partners and focus on building durable, category-leading software companies.",,75%,https://www.openvc.app/fund/Avenue%20Growth%20Partners,venture-capital-firms
Abac Nest Ventures,VC firm,Spain,$150k to $500k,"1. Idea or Patent, 2. Prototype",Sometimes,We invest in outlier entrepreneurs building B2S SaaS solutions to transform the SME industry across Southern Europe,"We are one of the few institutional investors specializing in pre-seed and seed stages, supporting founders with a hands-on approach. Our backing combines solid industry experience, operational expertise, and access to an international investor network, enabling scalable and sustainable growth from day 0 to exit",,50%,https://www.openvc.app/fund/Abac%20Nest%20Ventures,venture-capital-firms
Underline Ventures,VC firm,"Albania, Belarus",$200k to $1M,"1. Idea or Patent, 2. Prototype",,We invest in Eastern European founders building high-growth startups with global ambitions. We are vertical-agnostic.,"We make sure we are putting our money where our mouth is and <> by providing significant services to the startups in our portfolio: recruitment & HR services (with Ioana’s support), comms (with Adriana’s support), growth advising (with Vlad’s and Ioana S.’ support), and strategy and fundraising (with Bogdan’s and Mihai's support).",,100%,https://www.openvc.app/fund/Underline%20Ventures,venture-capital-firms
First Momentum Ven...,VC firm,"Albania, Andorra",$200k to $1M,1. Idea or Patent,Sometimes,"We invest in pre/early-traction B2B companies with a technical core as their main differentiator. We mainly invest in Deep Tech, SaaS and SaaS-enabled marketplaces.","We accelerate our companies' journeys with high-value connections to talent, customers and investors.",,100%,https://www.openvc.app/fund/First%20Momentum%20Ventures,venture-capital-firms
Flag Capital,VC firm,Israel,$100k to $500k,"2. Prototype, 3. Early Revenue",Sometimes,"We invest in exceptional Israeli founders at pre-seed, investing before consensus forms. We combine proprietary founder signals, AI-native operational support, and a global VC network to help companies compress the path from pre-seed to Series A.","We operate like a force multiplier for founders. Through AI-native execution, hands-on support, and a global network of founders, operators, customers, and VCs, we help companies accelerate product development, GTM, hiring, and fundraising.",,50%,https://www.openvc.app/fund/Flag%20Capital,venture-capital-firms
Sunfish Partners,VC firm,"Bulgaria, Croatia",$100k to $1M,"1. Idea or Patent, 2. Prototype",Sometimes,We invest in B2B deep tech startups from CEE and the diaspora with global ambitions.,We do help early stage tech pioneers from CEE to grow into global champions on the back of a strong technology.,,100%,https://www.openvc.app/fund/Sunfish%20Partners,venture-capital-firms
Rogue Womens Fund,VC firm,USA,$300k to $500k,"3. Early Revenue, 4. Scaling",Sometimes,"We invest in early seed-stage women-led B2B SaaS, Enterprise, and B2B2C tech firms in the US. The typical target companies have initial technology iterations, some revenue, and valuations under $10M post-money. Investments include priced rounds, convertible notes, and SAFEs, with flexibility in leading or co-investing and support for follow-ons.","RWF provides portfolio companies with invaluable mentorship, strategic guidance, and access to our extensive network. We facilitate introductions to potential customers, partners, and talent, while offering expert advice on scaling, fundraising, and operations. Our hands-on approach ensures founders have the resources to thrive and succeed.",,100%,https://www.openvc.app/fund/Rogue%20Womens%20Fund,venture-capital-firms
Piper Serica,VC firm,India,$1M to $4M,"3. Early Revenue, 4. Scaling",Sometimes,"We invest in early-stage deep tech startups with proprietary IP in Spacetech, AI, electronics, semiconductors, and fintech. We require early product-market fit.",Deep Public and private market understanding through $100Mn AUM in public markets and $120Mn in Private Market.,,67%,https://www.openvc.app/fund/Piper%20Serica,venture-capital-firms
SteelSky Ventures,VC firm,USA,$100k to $10M,"3. Early Revenue, 4. Scaling",Never,We invest in early-stage ventures focused on women's health.,,,,https://www.openvc.app/fund/SteelSky%20Ventures,venture-capital-firms
AIX Ventures,VC firm,"Canada, Germany",$500k to $2M,"2. Prototype, 3. Early Revenue",Never,We invest in companies leveraging and developing artificial intelligence technologies.,,,,https://www.openvc.app/fund/AIX%20Ventures,venture-capital-firms
7 Gate Ventures,VC firm,"Canada, USA",$50k to $250k,"2. Prototype, 3. Early Revenue",Sometimes,"We invest in cloud, ecommerce, fintech, SaaS, and software.",,,,https://www.openvc.app/fund/7%20Gate%20Ventures,venture-capital-firms
ADIV,VC firm,"USA, Israel",$250k to $2M,"1. Idea or Patent, 2. Prototype",Sometimes,"We invest in dual-use and deep tech startups, leveraging Starburst 4x markup and Fortune Global 500 partners.","ADIV has the unique ability beyond funding, to accompany best startups, accelerating Product Market Fit and fostering growth, by leveraging
- our expertise & extensive network in Aerospace & Defence, 
- our methodology allying mentorship, hands-on support & outreach
- our access to Starburst ecosystem globally of accelerator programs, experts, portfolio companies and partners both public and private such as corporates, institutions and governments.",,,https://www.openvc.app/fund/ADIV,venture-capital-firms
Vintage Investment...,VC firm,"Finland, France",$5k to $30M,"3. Early Revenue, 4. Scaling",Sometimes,We invest in venture funds and startups through primary and secondary transactions.,,,,https://www.openvc.app/fund/Vintage%20Investment%20Partners,venture-capital-firms
August Capital,VC firm,"Canada, Denmark",$1M to $30M,"3. Early Revenue, 4. Scaling",Sometimes,We invest in growth capital and startup opportunities.,,,,https://www.openvc.app/fund/August%20Capital,venture-capital-firms
Seaya,VC firm,"Colombia, France",$100k to $15M,"2. Prototype, 3. Early Revenue",Sometimes,We invest in information technology companies with global aspirations.,,,,https://www.openvc.app/fund/Seaya,venture-capital-firms
Rage Capital,VC firm,"Brazil, Israel",$100k to $5M,"4. Scaling, 5. Growth",Sometimes,"We invest in frontier business models leveraging market-defining technologies, particularly those in deep tech and hard tech.",,,,https://www.openvc.app/fund/Rage%20Capital,venture-capital-firms
Mosley Ventures,VC firm,USA,$250k to $1M,"2. Prototype, 3. Early Revenue",Sometimes,We invest in early-stage technology startups.,,,,https://www.openvc.app/fund/Mosley%20Ventures,venture-capital-firms
Nordic Eye Venture...,VC firm,"Denmark, El Salvador",$2M to $10M,"2. Prototype, 3. Early Revenue",Sometimes,"We invest in blockchain, cybersecurity, fintech, information technology, lifestyle, retail, and robotics.",,,,https://www.openvc.app/fund/Nordic%20Eye%20Venture%20Capital,venture-capital-firms
Monks Hill Venture...,VC firm,"Singapore, Malaysia",$3M to $10M,"3. Early Revenue, 4. Scaling",Always,"We invest in early-stage tech companies, primarily pre-Series A and Series A, across Southeast Asia.","We are entrepreneurs backing entrepreneurs. This runs in our DNA. With the utmost respect for the founder, the firm is led by entrepreneurs and operators, CEOs, and CTOs of successful tech companies both in Asia and in Silicon Valley.
‍
Our network comprises entrepreneurs, investors, former CEOs, engineers, academics, media and a team of operating advisors with strong domain expertise from cybersecurity, data science, financial services, to healthcare, to provide our founders with the right access and advice as they scale and build.",,,https://www.openvc.app/fund/Monks%20Hill%20Ventures,venture-capital-firms
Everywhere Venture...,VC firm,"USA, UK",$250k to $250k,"1. Idea or Patent, 2. Prototype",Sometimes,"We invest in Fintech, Health, Enterprise AI, Deeptech, Supply Chain, AI Infrastructure, Energy, Vertical AI, Security, Space. Usually first check.",,,,https://www.openvc.app/fund/Everywhere%20Ventures,venture-capital-firms
Dimension,VC firm,USA,$500k to $50M,"3. Early Revenue, 4. Scaling",Sometimes,We invest at the intersection of technology and life sciences.,,,,https://www.openvc.app/fund/Dimension,venture-capital-firms
Laconia,VC firm,USA,$200k to $2M,"2. Prototype, 3. Early Revenue",Sometimes,"We invest in serious founders building must-have B2B software for mission-critical industries. We are sector-agnostic, with investments spanning fintech, healthcare, proptech, and more. We are happy to lead or co-lead seed rounds and we have no traction requirements.","Our team of four invests as one, bringing decades of operational and fund management expertise to collectively support founders with sales acceleration, operations, and capital strategy. With a 97% deal win rate and an engaged ecosystem of 140+ expert LPs and 1,700+ global fellows, we've built our firm around true partnership.",,,https://www.openvc.app/fund/Laconia,venture-capital-firms
SYN Ventures,VC firm,"USA, Israel",$5M to $25M,"1. Idea or Patent, 2. Prototype",Sometimes,We invest in cybersecurity companies at seed (ideation) and Series A ($1m+ ARR or on trajectory),"We accelerate US go-to-market through our CISO Board of Advisors, comprising 30+ Fortune 500 CISOs. Our partners are former security leaders from Nokia, Equifax, Blackstone and Telstra, alongside executives who scaled category-defining companies including Cylance, Obsidian Security, Optiv and RSA. We provide hands-on support from product and GTM through to exit, and have completed 95 investments with 45 exits since 2012.",,,https://www.openvc.app/fund/SYN%20Ventures,venture-capital-firms
MC Capital,VC firm,USA,$60k to $180k,"2. Prototype, 3. Early Revenue",Sometimes,We invest in a wide range of opportunities.,,,,https://www.openvc.app/fund/MC%20Capital,venture-capital-firms
Novastar Ventures,VC firm,"Ethiopia, Ghana",$100k to $5M,"3. Early Revenue, 4. Scaling",Sometimes,We invest in companies across various sectors.,,,,https://www.openvc.app/fund/Novastar%20Ventures,venture-capital-firms
Hartmann Capital,VC firm,"Canada, USA",$100k to $1M,"2. Prototype, 3. Early Revenue",Sometimes,"We invest in projects spanning Spatial Computing, AI, and Deep Tech valued between 10M-100MM","We partner closely with founders to accelerate growth beyond just capital. We provide thesis-driven guidance, industry expertise, and hands-on operational support, connecting companies to investors, enterprise partners, and media. Our goal is to help frontier-tech founders scale faster, fundraise smarter, and stand out in competitive markets.",,,https://www.openvc.app/fund/Hartmann%20Capital,venture-capital-firms
Venga Ventures,VC firm,"Austria, Germany",$1M to $5M,3. Early Revenue,Sometimes,"We invest in biotech, specifically therapeutics, synbio, manufacturing and R&D tools companies. Sweet spot: seed extensions & series A.","Former founders & operators, with numerous angel investments and advisory roles in companies.",,,https://www.openvc.app/fund/Venga%20Ventures,venture-capital-firms
Baseline Ventures,VC firm,"Canada, Israel",$100k to $1M,"3. Early Revenue, 4. Scaling",Sometimes,We invest in early-stage companies with the potential to become impactful enterprises.,,,,https://www.openvc.app/fund/Baseline%20Ventures,venture-capital-firms
Storm Ventures,VC firm,"USA, South Korea",$1M to $5M,"3. Early Revenue, 4. Scaling",Sometimes,"We invest in B2B software startups in areas such as SaaS, enterprise infrastructure, cybersecurity, artificial intelligence with $1M+ ARR.",Storm has successfully worked with many founders across the globe in navigating the journey from inception to industry leader.,,,https://www.openvc.app/fund/Storm%20Ventures,venture-capital-firms
Initialized Capita...,VC firm,"Canada, Estonia",$1M to $7M,"2. Prototype, 3. Early Revenue",Sometimes,We invest in early-stage software companies.,,,,https://www.openvc.app/fund/Initialized%20Capital,venture-capital-firms
Riot Ventures,VC firm,USA,$100k to $60M,"3. Early Revenue, 4. Scaling",Never,"We invest in deep tech, artificial intelligence, IoT, automation, telecommunications, mobility, and security.",,,,https://www.openvc.app/fund/Riot%20Ventures,venture-capital-firms
Voyager Ventures,VC firm,"Denmark, UK",$500k to $10M,"2. Prototype, 3. Early Revenue",Sometimes,We invest in early-stage climatetech companies.,,,,https://www.openvc.app/fund/Voyager%20Ventures,venture-capital-firms
Archer Venture Cap...,VC firm,USA,$5M to $25M,"3. Early Revenue, 5. Growth",Sometimes,We invest in promising startups.,,,,https://www.openvc.app/fund/Archer%20Venture%20Capital,venture-capital-firms
TriplePoint Capita...,VC firm,"Australia, Belgium",$10M to $50M,"3. Early Revenue, 4. Scaling",Sometimes,We invest in financing companies' equipment or growth capital needs.,,,,https://www.openvc.app/fund/TriplePoint%20Capital,venture-capital-firms
Thiel Capital,VC firm,"Cayman Islands, China",$100k to $5M,"3. Early Revenue, 4. Scaling",Sometimes,We invest in finance.,,,,https://www.openvc.app/fund/Thiel%20Capital,venture-capital-firms
Idrisi Ventures,VC firm,"Saudi Arabia, UAE",$300k to $1M,"3. Early Revenue, 4. Scaling",Sometimes,"We invest in Post-Revenue, Software, SaaS, $1M+, from MENA","Idrisi Ventures provides more than capital: we help founders access relevant networks, prepare for future financing rounds, navigate key strategic decisions, and build enduring companies with long-term support.",,,https://www.openvc.app/fund/Idrisi%20Ventures,venture-capital-firms
Braemar Energy Ven...,VC firm,"Canada, France",$5M to $25M,"4. Scaling, 5. Growth",Sometimes,"We invest in technology and telecommunications opportunities within the energy sector, including cleantech and enterprise software.",,,,https://www.openvc.app/fund/Braemar%20Energy%20Ventures,venture-capital-firms
Atria Ventures,VC firm,"Canada, USA",$250k to $1.5M,"1. Idea or Patent, 2. Prototype",Never,We invest in techbio + health at early stage.,,,,https://www.openvc.app/fund/Atria%20Ventures,venture-capital-firms
Iron Wolf Capital,VC firm,"Lithuania, Latvia",$500k to $3M,"1. Idea or Patent, 2. Prototype",Sometimes,We invest in hard engineering product-driven businesses,Building a platform that supports our portfolio in growth,,,https://www.openvc.app/fund/Iron%20Wolf%20Capital,venture-capital-firms
Structure Capital,VC firm,"Canada, France",$100k to $1.5M,"2. Prototype, 3. Early Revenue",Sometimes,"We invest in seed-stage companies, providing capital, experience, and networks to support passionate teams.",,,,https://www.openvc.app/fund/Structure%20Capital,venture-capital-firms
Heroic Ventures,VC firm,"France, Israel",$100k to $5M,"2. Prototype, 3. Early Revenue",Sometimes,We invest in early-stage companies across various sectors.,,,,https://www.openvc.app/fund/Heroic%20Ventures,venture-capital-firms
Atreides Managemen...,VC firm,"Israel, USA",$250k to $100M,"3. Early Revenue, 4. Scaling",Sometimes,We invest in consumer and technology companies.,,,,https://www.openvc.app/fund/Atreides%20Management,venture-capital-firms
Woodlawn Health Ve...,VC firm,USA,$50k to $500k,"3. Early Revenue, 5. Growth",Sometimes,We invest in digital health with a primary focus on agetech.  We only invest in companies where we can use our database of long term care and senior living operators and health systems to help grow the company's revenue,"We are healthcare professionals having worked in investment banking, operating companies and digital health start ups.  We have an extensive network of healthcare companies that could benefit from the investment strategy.",,,https://www.openvc.app/fund/Woodlawn%20Health%20Ventures,venture-capital-firms
Tenzor Capital,VC firm,"Canada, Georgia",$50k to $250k,"2. Prototype, 3. Early Revenue",Never,"We invest in Web3 pioneers, builders, and enablers.",,,,https://www.openvc.app/fund/Tenzor%20Capital,venture-capital-firms
Airborne Ventures,VC firm,"Brazil, India",$150k to $1M,"2. Prototype, 3. Early Revenue",Sometimes,"We invest in early stage ventures, particularly within information technology, bringing an operator's perspective.",,,,https://www.openvc.app/fund/Airborne%20Ventures,venture-capital-firms
Sarona Ventures,VC firm,"Israel, USA",$400k to $1M,"4. Scaling, 5. Growth",Sometimes,"We invest in Proptech, Enterprise Software, Fintech",,,,https://www.openvc.app/fund/Sarona%20Ventures,venture-capital-firms
Frontier Growth,VC firm,"USA, Canada",$3M to $30M,"3. Early Revenue, 4. Scaling",Always,"We invest in product-market fit stage b2b vertical saas companies with ARR of $2 mm+ and growing.  Typical companies are vertical SaaS systems of record, intelligence, engagement, marketplaces with founder /SME's that are looking to grow rapidly with less risk.  We like niche verticals and write $2 to $30 mm checks for growth and recap.  We are happy in syndicates and lead rounds and have been a partner and founder-friendly firm since our inception. Vertical B2B SaaS is our focus.","We have a dedicated network of top operating partners and executives in each discipline of the ""Revenue Supply Chain"" to help companies go from product-market fit to vertical SaaS leaders.",,,https://www.openvc.app/fund/Frontier%20Growth,venture-capital-firms
Wedbush Ventures,VC firm,"Luxembourg, USA",$150k to $400k,"2. Prototype, 3. Early Revenue",Never,We invest in finance.,,,,https://www.openvc.app/fund/Wedbush%20Ventures,venture-capital-firms
Possible Ventures,VC firm,"Armenia, Australia",$100k to $5M,"2. Prototype, 3. Early Revenue",Never,We invest in frontier technology that positively impacts people and the planet.,,,,https://www.openvc.app/fund/Possible%20Ventures,venture-capital-firms
Information Ventur...,VC firm,"Canada, USA",$2M to $7M,"3. Early Revenue, 4. Scaling",Sometimes,We invest in information technology.,,,,https://www.openvc.app/fund/Information%20Venture%20Partners,venture-capital-firms
Network VC,VC firm,"Ukraine, USA",$100k to $300k,"3. Early Revenue, 4. Scaling",Never,We invest in Startups in AI and Deeptech with close to $1M ARR,Also help founders raise the next round of funding.,,,https://www.openvc.app/fund/Network%20VC,venture-capital-firms
Fuel Capital,VC firm,"Canada, Spain",$500k to $1M,"2. Prototype, 3. Early Revenue",Sometimes,"We invest in consumer, business software, and cloud infrastructure companies.",,,,https://www.openvc.app/fund/Fuel%20Capital,venture-capital-firms
Seed X Liechtenste...,VC firm,"UK, Italy",$200k to $1M,"1. Idea or Patent, 2. Prototype",Never,"We invest in Fintech, Insurtech, Proptech in Europe and UK from pre-Seed to Series A.",We support our portfolio companies mainly through network in the fintech and insurtech space.,,,https://www.openvc.app/fund/Seed%20X%20Liechtenstein,venture-capital-firms
Autotech Ventures,VC firm,"USA, UK",$500k to $8M,"1. Idea or Patent, 2. Prototype",Sometimes,We invest in startups solving ground transportation and mobility challenges.,"Autotech Ventures provides startups with capital, ground transportation market intelligence, and access to our transportation sector network which includes our corporate investors representing a global market capitalization of over $500B.",,,https://www.openvc.app/fund/Autotech%20Ventures,venture-capital-firms
Escape Velocity (E...,VC firm,USA,$500k to $3M,"1. Idea or Patent, 2. Prototype",Always,"We invest in crypto-enabled businesses, at the intersection of web3 and real-world industries like telecom, energy, and advertising. Deep tech, web3, crypto, blockchain, adtech","We help our founders raise capital from tier 1 investors, scale distribution to consumer and business customers, and improve their marketing and brand visibility.",,,https://www.openvc.app/fund/Escape%20Velocity%20%28EV3%29,venture-capital-firms
Curious VC,VC firm,USA,$100k to $5M,3. Early Revenue,Never,We invest in technology.,,,,https://www.openvc.app/fund/Curious%20VC,venture-capital-firms
Floodgate,VC firm,"Canada, Colombia",$100k to $5M,"2. Prototype, 3. Early Revenue",Sometimes,"We invest in digital businesses at early, seed, and later stages.",,,,https://www.openvc.app/fund/Floodgate,venture-capital-firms
Entrepreneurs Firs...,VC firm,"Canada, USA",$125k to $250k,"1. Idea or Patent, 2. Prototype",Sometimes,We turn exceptional individuals into funded founders. We build unicorn cofounding teams from scratch.,"We coach founders through two stages: FORM and LAUNCH. At FORM, accepted founders get an equity-free grant plus individualized coaching to develop their idea into a revenue-generating business. With $125k secured, they move to San Francisco for LAUNCH, scaling the business and preparing to raise from top funds like Khosla, Index, and Benchmark.",$125k on a post-money SAFE for 8% of the company.,,https://www.openvc.app/fund/Entrepreneurs%20First,venture-capital-firms
2|Twelve,VC firm,USA,$100k to $300k,"2. Prototype, 3. Early Revenue",Never,"We invest in B2B,Enterprise, SaaS, B2B Fintech at seed stage.","We provide Founders with an executive coach, a sales training program, a culture build-up program, a CTO coaching platform, personal concierge and an M&A expertise.",,,https://www.openvc.app/fund/2%7CTwelve,venture-capital-firms
Sparton Ventures,VC firm,"Australia, Canada",$500k to $1M,"1. Idea or Patent, 2. Prototype",Sometimes,"Our investment thesis is to promote human flourishing worldwide. We believe that these 4 focuses allow us to provide the most value to human existence: Energy, Compute, Food & Health","We bring a breadth of experience from operating as an advisory beforehand, which we look to foster in our companies in the future",,,https://www.openvc.app/fund/Sparton%20Ventures,venture-capital-firms
VentureIsrael,VC firm,Israel,$100k to $5M,"2. Prototype, 3. Early Revenue",Sometimes,We invest in early-stage deep tech companies.,,,,https://www.openvc.app/fund/VentureIsrael,venture-capital-firms
Eagle Venture Fund,VC firm,"USA, Germany",$250k to $5M,"3. Early Revenue, 2. Prototype",Sometimes,"We invest in Healthtech, Blockchain, DevOps, Fintech, Energy, Analytics, Edtech startups.","## With Venture Builder as our base to build and support, we offer entrepreneurs-on-mission unparalleled one-to-one support",,,https://www.openvc.app/fund/Eagle%20Venture%20Fund,venture-capital-firms
Magenta Venture Pa...,VC firm,"Israel, USA",$100k to $5M,"3. Early Revenue, 4. Scaling",Sometimes,We invest in early-stage technology startups.,,,,https://www.openvc.app/fund/Magenta%20Venture%20Partners,venture-capital-firms
Pontifax,VC firm,"Belgium, Denmark",$10M to $50M,"4. Scaling, 5. Growth",Sometimes,"We invest in pharmaceutical and life sciences companies, including biotechnology and medical device firms.",,,,https://www.openvc.app/fund/Pontifax,venture-capital-firms
Pangaea Ventures,VC firm,"Canada, Netherlands",$3M to $8M,"3. Early Revenue, 4. Scaling",Sometimes,We invest in companies utilizing advanced materials and hard tech to address global challenges.,,,,https://www.openvc.app/fund/Pangaea%20Ventures,venture-capital-firms
Transformation Cap...,VC firm,USA,$10k to $5M,"4. Scaling, 5. Growth",Sometimes,We invest in innovative healthcare IT and services companies.,,,,https://www.openvc.app/fund/Transformation%20Capital,venture-capital-firms
VERVE CAPITAL,VC firm,"Brazil, Mexico",$20k to $5M,"2. Prototype, 3. Early Revenue",Sometimes,We invest in early-stage ideas and support growth for founders.,,,,https://www.openvc.app/fund/VERVE%20CAPITAL,venture-capital-firms
Cowboy Ventures,VC firm,"Germany, USA",$100k to $5M,"2. Prototype, 3. Early Revenue",Sometimes,We invest in various innovative sectors.,,,,https://www.openvc.app/fund/Cowboy%20Ventures,venture-capital-firms
Final Frontier (Sp...,VC firm,"Albania, Andorra",$100k to $500k,"1. Idea or Patent, 2. Prototype",Never,"We invest in startups building critical space and defence technology across the value chain - from satellite systems and propulsion to drones, cybersecurity and autonomous platforms. We focus on pre-seed and seed stage companies and we prefer backing teams with working prototypes ready for real-world deployment.","Beyond capital, we're building the biggest European community where space and defence founders actually help each other win. We share market intel, publish sector deep-dives, and run Rockets and Radars podcast—weekly stories from founders who've cracked these complex industries and went from Zero to Millions.",,,https://www.openvc.app/fund/Final%20Frontier%20%28Space%20%26%20Defence%20VC%29,venture-capital-firms
LIFTT,VC firm,"USA, Singapore",$100k to $2M,"1. Idea or Patent, 2. Prototype",Sometimes,"We invest in HW B2B deep tech sectors like Energy, Quantum, Photonics, Semiconductors, Advanced Materials etc, . We look for breakthrough techs, which feature unique intellectual properties and exceptional scientific teams.","Our team of 27 includes dedicated project managers from various industries who support startups during their post-investment growth. Additionally, we benefit from a network of over 200 shareholders across multiple sectors..",,,https://www.openvc.app/fund/LIFTT,venture-capital-firms
Committed Capital,VC firm,UK,$1.5M to $6M,"4. Scaling, 5. Growth",Always,"We invest in Saas and B2B based software companies that solve a problem. We are sector agnostic, and have investee companies in insurtech, edtech, adtech or advertising, medtech or healthtech amongst others.","We are committed investors by name, and use our internal experience and expertise to guide investee companies. To that end, we are low volume but high conviction investors. We take a position on the board of all our investee companies as we work closely with the management team to help realise the growth potential, be that through advice or introductions.",,,https://www.openvc.app/fund/Committed%20Capital,venture-capital-firms
Energize Capital,VC firm,"Denmark, Germany",$10M to $20M,"3. Early Revenue, 4. Scaling",Sometimes,We invest in the digitization of energy and sustainable industries.,,,,https://www.openvc.app/fund/Energize%20Capital,venture-capital-firms
Carya Venture Part...,VC firm,USA,$100k to $5M,"2. Prototype, 3. Early Revenue",Sometimes,We invest in various sectors.,,,,https://www.openvc.app/fund/Carya%20Venture%20Partners,venture-capital-firms
Elevate Capital,VC firm,"Germany, USA",$25k to $2M,"2. Prototype, 3. Early Revenue",Sometimes,We invest in seed and early-stage companies led by under-represented founders.,,,,https://www.openvc.app/fund/Elevate%20Capital,venture-capital-firms
Anterra Capital,VC firm,"France, Germany",$1M to $20M,"2. Prototype, 3. Early Revenue",Sometimes,"We invest in fast-growing companies that are transforming the global food system, focusing on agtech, food and beverage, and supply chain management.",,,,https://www.openvc.app/fund/Anterra%20Capital,venture-capital-firms
Balderton Capital,VC firm,"Denmark, Finland",$100k to $20M,"3. Early Revenue, 4. Scaling",Sometimes,We invest in technology businesses.,,,,https://www.openvc.app/fund/Balderton%20Capital,venture-capital-firms
Klass Capital,VC firm,"Canada, USA",$5M to $50M,"4. Scaling, 5. Growth",Always,We invest in enterprise B2B SaaS startups with $3M+ in ARR. We prefer workflow applications.,We have a single LP structure that allows us to hold portcos for 15+ years and have a very collaborative portfolio and encourage cross company collaboration. We also have a talent team that works exclusively with portfolio companies to hire strategic positions.,,,https://www.openvc.app/fund/Klass%20Capital,venture-capital-firms
TRTL Ventures,VC firm,"India, UAE",$150k to $200k,"2. Prototype, 3. Early Revenue",Sometimes,"We invest in data-driven Indian founders and startups, sector agnostic.",We help founders with back office work and expansion into Japan and SEA.,,,https://www.openvc.app/fund/TRTL%20Ventures,venture-capital-firms
Riviera Holdings,VC firm,"USA, China",$50k to $500k,"1. Idea or Patent, 2. Prototype",Always,"We invest in AI, Pre-seed or seed round",Find ai companies,,,https://www.openvc.app/fund/Riviera%20Holdings,venture-capital-firms
First In Ventures,VC firm,"UK, USA",$50k to $200k,"2. Prototype, 3. Early Revenue",Sometimes,We invest in biotechnology companies.,,,,https://www.openvc.app/fund/First%20In%20Ventures,venture-capital-firms
ANIMO Ventures,VC firm,"Canada, USA",$500k to $2M,"2. Prototype, 3. Early Revenue",Sometimes,"We invest in early-stage companies, including fintech.",,,,https://www.openvc.app/fund/ANIMO%20Ventures,venture-capital-firms
Transition VC,VC firm,India,$250k to $2M,"2. Prototype, 3. Early Revenue",Always,"We invest in Electric Vehicles, Renewable Energy, Hydrogen, Energy Storage, Carbon, etc. Either enhancing energy effciency or reducing carbon emissions directly/indirectly.","Strategic connects, horizontal expansion, deep understanding of the space.",,,https://www.openvc.app/fund/Transition%20VC,venture-capital-firms
CARABELA,VC firm,"Argentina, Chile",$50k to $150k,"2. Prototype, 3. Early Revenue",Sometimes,We invest in early-stage startups led by entrepreneurs in LatAm.,,,,https://www.openvc.app/fund/CARABELA,venture-capital-firms
IPO Club,VC firm,"UK, USA",$25k to $2.5M,"3. Early Revenue, 2. Prototype",Sometimes,"We invest in five verticals: Payment and Money, AI and Software, Logistics and Mobility, Food and Housing, Energy and Defense.","With 6 unicorn IPOs on our track record and over 25 investments in total, we have a knowledge, skills and put in an incredible amount of work and network.",,,https://www.openvc.app/fund/IPO%20Club,venture-capital-firms
15th Rock,VC firm,"Canada, Japan",$100k to $5M,"3. Early Revenue, 4. Scaling",Sometimes,We invest in seed and pre-IPO stage companies.,,,,https://www.openvc.app/fund/15th%20Rock,venture-capital-firms
Plaza Ventures,VC firm,"Canada, USA",$1M to $15M,"4. Scaling, 5. Growth",Never,"We invest in growing B2B companies, connecting them with private capital.",,,,https://www.openvc.app/fund/Plaza%20Ventures,venture-capital-firms
Northcap,VC firm,"Denmark, Sweden",$100k to $5M,"3. Early Revenue, 4. Scaling",Sometimes,We invest in ICT companies.,,,,https://www.openvc.app/fund/Northcap,venture-capital-firms
Sparton Ventures,VC firm,"Australia, Canada",$500k to $1M,"1. Idea or Patent, 2. Prototype",Sometimes,"Our investment thesis is to promote human flourishing worldwide. We believe that these 4 focuses allow us to provide the most value to human existence: Energy, Compute, Food & Health","We bring a breadth of experience from operating as an advisory beforehand, which we look to foster in our companies in the future",,,https://www.openvc.app/fund/Sparton%20Ventures,venture-capital-firms
Primary Venture Pa...,VC firm,"Canada, Mexico",$100k to $5M,"2. Prototype, 3. Early Revenue",Sometimes,"We invest in seed stage enterprise SaaS, fintech, health, web3, developer tools, and e-commerce companies.",,,,https://www.openvc.app/fund/Primary%20Venture%20Partners,venture-capital-firms
Electric Capital,VC firm,"Canada, India",$1M to $5M,"3. Early Revenue, 4. Scaling",Sometimes,"We invest in the cryptocurrency, blockchain, fintech, and marketplaces industries.",,,,https://www.openvc.app/fund/Electric%20Capital,venture-capital-firms
Exceptional Capita...,VC firm,USA,$100k to $5M,"2. Prototype, 3. Early Revenue",Never,We invest in B2B SaaS solutions.,,,,https://www.openvc.app/fund/Exceptional%20Capital,venture-capital-firms
Liquid 2 Ventures,VC firm,"Argentina, Brazil",$100k to $5M,"2. Prototype, 3. Early Revenue",Never,"We invest in seed-stage technology startups, including those with a focus on financial services and impact.",,,,https://www.openvc.app/fund/Liquid%202%20Ventures,venture-capital-firms
Tamarind Hill,VC firm,"USA, Canada",$500k to $3M,"3. Early Revenue, 4. Scaling",Always,"We invest in B2B Healthcare IT, supply chain infrastructure. Early product market fit,  early commercial traction.","Concentrated approach, active investors with significant partner and network time given to each company. Expertise in commercialization and go-to-market in our sectors.",,,https://www.openvc.app/fund/Tamarind%20Hill,venture-capital-firms
Two Sigma Ventures,VC firm,"Canada, Mexico",$250k to $15M,"2. Prototype, 3. Early Revenue",Sometimes,We invest in early-stage companies led by highly driven founders.,,,,https://www.openvc.app/fund/Two%20Sigma%20Ventures,venture-capital-firms
Collide Capital,VC firm,USA,$100k to $5M,"3. Early Revenue, 4. Scaling",Never,"We invest in founders, focusing on equitable capital distribution.",,,,https://www.openvc.app/fund/Collide%20Capital,venture-capital-firms
Merian Ventures,VC firm,"UK, USA",$5k to $50k,"2. Prototype, 3. Early Revenue",Never,"We invest in women-founded and co-founded companies in blockchain, cybersecurity, artificial intelligence, machine learning, and consumer technology.",,,,https://www.openvc.app/fund/Merian%20Ventures,venture-capital-firms
Next Level Venture...,VC firm,USA,$500k to $10M,"3. Early Revenue, 4. Scaling",Sometimes,"We invest in agriculture, B2B, biotech, data, fintech.",,,,https://www.openvc.app/fund/Next%20Level%20Ventures,venture-capital-firms
Flyover Capital,VC firm,USA,$500k to $8M,"2. Prototype, 3. Early Revenue",Sometimes,We invest in early-stage companies.,,,,https://www.openvc.app/fund/Flyover%20Capital,venture-capital-firms
Accion Venture,VC firm,"Kenya, Nigeria",$200k to $500k,"3. Early Revenue, 4. Scaling",Sometimes,We invest in for-profit enterprises with new products or business models that expand the range of high-quality financial services for underserved populations.,Investments managed by Accion Ventures have shown that early-stage companies can be highly impactful and have delivered multiple exits.,,,https://www.openvc.app/fund/Accion%20Venture,venture-capital-firms
True Wealth Ventur...,VC firm,USA,$100k to $5M,"2. Prototype, 3. Early Revenue",Sometimes,"We invest in consumer, greentech, health care.",,,,https://www.openvc.app/fund/True%20Wealth%20Ventures,venture-capital-firms
Canonical Crypto,VC firm,"Canada, UK",$100k to $5M,"3. Early Revenue, 4. Scaling",Never,We invest in technology companies focused on blockchain and cryptocurrency.,,,,https://www.openvc.app/fund/Canonical%20Crypto,venture-capital-firms
igniteXL Ventures,VC firm,"Brazil, Kenya",$100k to $500k,"2. Prototype, 3. Early Revenue",Sometimes,"We invest in technology, beauty, and wellness ventures.",,,,https://www.openvc.app/fund/igniteXL%20Ventures,venture-capital-firms
Eagle Venture Fund,VC firm,"USA, Germany",$250k to $5M,"3. Early Revenue, 2. Prototype",Sometimes,"We invest in Healthtech, Blockchain, DevOps, Fintech, Energy, Analytics, Edtech startups.","## With Venture Builder as our base to build and support, we offer entrepreneurs-on-mission unparalleled one-to-one support",,,https://www.openvc.app/fund/Eagle%20Venture%20Fund,venture-capital-firms
Equal Ventures,VC firm,USA,$1M to $2M,"3. Early Revenue, 4. Scaling",Sometimes,We invest in businesses that are disrupting legacy markets.,,,,https://www.openvc.app/fund/Equal%20Ventures,venture-capital-firms
Pantera Capital,VC firm,"USA, UAE",$5M to $100M,"1. Idea or Patent, 5. Growth",Always,"We invest in blockchain-related businesses, from seed to pre-IPO stages.",Our platform team comprehensively serves over 250 Founders.,,,https://www.openvc.app/fund/Pantera%20Capital,venture-capital-firms
Calendula VC,VC firm,"Germany, UK",$500k to $3M,"3. Early Revenue, 4. Scaling",Sometimes,"We invest in B2B Software, Fintech, AI","Client intros, talent acquisition, investor introductions",,,https://www.openvc.app/fund/Calendula%20VC,venture-capital-firms
Able Partners,VC firm,"Finland, Netherlands",$100k to $5M,"3. Early Revenue, 4. Scaling",Never,We invest in entrepreneurs and brands that promote healthier daily living.,,,,https://www.openvc.app/fund/Able%20Partners,venture-capital-firms
Meritech Capital P...,VC firm,"Brazil, Canada",$5M to $40M,"3. Early Revenue, 4. Scaling",Sometimes,We invest in late-stage technology companies.,,,,https://www.openvc.app/fund/Meritech%20Capital%20Partners,venture-capital-firms
Horaizon Labs,VC firm,"Poland, Lithuania",$200k to $500k,"1. Idea or Patent, 2. Prototype",Always,"We invest in Deeptech, AI, ML, Biotech, Pharma, Saas, fintech, IoT, engineering, robotics, commercialization, PhD","We have a whole platform for our portfolio companies. It can be described as three main pillars - Tech, Sales, and Fundraising. In the tech aspect, we have a whole software engineering department on demand so you do not have to hire people immediately to scale fast. It is the same with sales aspect as we keep people and expertise to train and support sales processes until it can be streamlined. As for the funding, we help founders by providing vast network of later-stage VC world wide.",,,https://www.openvc.app/fund/Horaizon%20Labs,venture-capital-firms
Silicon Gardens,VC firm,"Slovenia, Croatia",$300k to $1.5M,"1. Idea or Patent, 2. Prototype",Sometimes,"We invest in exceptional early stage tech startups, primarily in marketplaces and other network effect businesses, B2B SaaS, B2C digital products, like mobile apps and games, and innovative D2C products. We primarily invest in founding teams from the Adria region (ex-Yugoslavia, including diaspora) and CEE.","We know the startup journey firsthand, so we understand the emotional, financial, and operational challenges that startups face. Beyond capital, we provide mentorship, connections, and hands-on support. We think like founders, act fast, and help you navigate the challenges of building something extraordinary.",,,https://www.openvc.app/fund/Silicon%20Gardens,venture-capital-firms
Prelude Ventures,VC firm,"Australia, Canada",$100k to $25M,"2. Prototype, 3. Early Revenue",Sometimes,We invest in market-moving startups focused on carbon reduction and resource optimization to drive sustainability.,,,,https://www.openvc.app/fund/Prelude%20Ventures,venture-capital-firms
Kli Capital,VC firm,"Colombia, Ghana",$250k to $1M,"2. Prototype, 3. Early Revenue",Never,We invest in enterprise technology and consumer brands.,,,,https://www.openvc.app/fund/Kli%20Capital,venture-capital-firms
neoteq ventures,VC firm,Germany,$250k to $2M,"2. Prototype, 3. Early Revenue",Sometimes,"We invest in exceptional, technology-based companies.",,,,https://www.openvc.app/fund/neoteq%20ventures,venture-capital-firms
CSC Upshot,VC firm,"Brazil, Canada",$100k to $1.5M,"2. Prototype, 3. Early Revenue",Never,"We invest in early-stage technology companies, providing seed capital.",,,,https://www.openvc.app/fund/CSC%20Upshot,venture-capital-firms
VamosVentures,VC firm,USA,$25k to $1M,"2. Prototype, 3. Early Revenue",Never,"We invest in early-stage tech-enabled companies across fintech, health care, sustainability, and virtual workforce sectors.",,,,https://www.openvc.app/fund/VamosVentures,venture-capital-firms
ShangBay Capital,VC firm,USA,$100k to $1M,"1. Idea or Patent, 2. Prototype",Sometimes,We Invest in early stage medtech targeting unmet clinical needs/significantly improving on current standard of care,"Our firm adds value by leveraging deep industry expertise, strong partnerships with leading strategics and VCs, and a proven track record to help portfolio companies navigate multiple pathways to success. We offer precise deal access and hands-on support from a team of seasoned entrepreneurs and healthcare executives.",,,https://www.openvc.app/fund/ShangBay%20Capital,venture-capital-firms
Fortescue Ventures...,VC firm,"USA, UK",$1M to $7M,"2. Prototype, 3. Early Revenue",Sometimes,"We invest in Industrial Decarbonization, Energy Transition, Metals and Mining.","Engineering, manufacturing, supply chain and production support",,,https://www.openvc.app/fund/Fortescue%20Ventures%20%28ex.%20Foresight%20WAE%20technology%20fund%29,venture-capital-firms
AltaIR Capital,VC firm,"Australia, Austria",$100k to $5M,"2. Prototype, 3. Early Revenue",Never,"We invest in promising companies with disruptive ideas, focusing on fintech, insurtech, and productivity tools.",,,,https://www.openvc.app/fund/AltaIR%20Capital,venture-capital-firms
Draper Associates,VC firm,USA,$100k to $1M,"1. Idea or Patent, 2. Prototype",Sometimes,"We invest in AI, robotics, crypto, defense, aerospace, and healthcare","We backed Tesla when electric vehicles were seen as niche, SpaceX when privatized space travel was unheard of, and Coinbase when crypto was dismissed as a fad. Our job isn’t to follow trends; it’s to see what others don’t, to make early, high-conviction bets on companies and founders that will fundamentally reshape the world.",,,https://www.openvc.app/fund/Draper%20Associates,venture-capital-firms
MIRAISE,VC firm,"Estonia, Japan",$50k to $200k,"2. Prototype, 3. Early Revenue",Sometimes,We invest in early-stage software startups founded by programmers and engineers.,,,,https://www.openvc.app/fund/MIRAISE,venture-capital-firms
Maroon Venture Par...,VC firm,USA,$50k to $200k,3. Early Revenue,Sometimes,We invest in early-stage companies.,,,,https://www.openvc.app/fund/Maroon%20Venture%20Partners%20Fund,venture-capital-firms
ANIMO Ventures,VC firm,"Canada, USA",$500k to $2M,"2. Prototype, 3. Early Revenue",Sometimes,"We invest in early-stage companies, including fintech.",,,,https://www.openvc.app/fund/ANIMO%20Ventures,venture-capital-firms
Riot Ventures,VC firm,USA,$100k to $60M,"3. Early Revenue, 4. Scaling",Never,"We invest in deep tech, artificial intelligence, IoT, automation, telecommunications, mobility, and security.",,,,https://www.openvc.app/fund/Riot%20Ventures,venture-capital-firms
PureTerra Ventures,VC firm,"Netherlands, UK",$1M to $5M,"3. Early Revenue, 4. Scaling",Sometimes,We invest in disruptive watertech and entrepreneurs who define the new era of water.,"We actively support our portfolio companies through commercial and entrepreneur mentorship, involvement in strategic decision making, and our vast network in the global stakeholders who use water.",,,https://www.openvc.app/fund/PureTerra%20Ventures,venture-capital-firms
UpVentures Capital,VC firm,"Israel, USA",$50k to $500k,"2. Prototype, 3. Early Revenue",Never,"We invest in early-stage through later-stage companies, focusing on various technology sectors.",,,,https://www.openvc.app/fund/UpVentures%20Capital,venture-capital-firms
Interlace Ventures,VC firm,"Canada, USA",$100k to $5M,"2. Prototype, 3. Early Revenue",Never,We invest in commerce.,,,,https://www.openvc.app/fund/Interlace%20Ventures,venture-capital-firms
Bek Ventures,VC firm,"Albania, Bosnia-H",$500k to $10M,"1. Idea or Patent, 2. Prototype",Sometimes,"We invest in AI, cybersecurity, B2C, DevTools, infrastructure software and SaaS/enterprise software. 
We seek to back the most ambitious founders with origins from Central and Eastern Europe as they scale from their earliest days to global scale.",Talent / Network / Hands-on Support,,,https://www.openvc.app/fund/Bek%20Ventures,venture-capital-firms
Capagro,VC firm,"France, Sweden",$1M to $10M,"3. Early Revenue, 4. Scaling",Sometimes,We invest in agtech and foodtech companies.,,,,https://www.openvc.app/fund/Capagro,venture-capital-firms
Concrete Rose Capi...,VC firm,"Nigeria, USA",$100k to $5M,"2. Prototype, 3. Early Revenue",Never,We invest in early-stage companies serving underrepresented consumers.,,,,https://www.openvc.app/fund/Concrete%20Rose%20Capital,venture-capital-firms
Material Impact,VC firm,"UK, USA",$100k to $7M,"3. Early Revenue, 4. Scaling",Sometimes,We invest in deep tech companies leveraging materials science.,,,,https://www.openvc.app/fund/Material%20Impact,venture-capital-firms
Oasis Capital,VC firm,USA,$50k to $500k,"1. Idea or Patent, 2. Prototype",Sometimes,"We invest in B2B & B2C with a focus on Arizona founders, at Pre-Seed, Seed, & Series A.","Oasis Capital is a hands-on pre-seed and seed partner. We support founders with customer and investor introductions, fundraising strategy, early GTM feedback, hiring support, and distribution through the Silicon Oasis community. Our goal is to provide real momentum beyond capital, especially in the critical early stages.",,,https://www.openvc.app/fund/Oasis%20Capital,venture-capital-firms
Dangerous Ventures,VC firm,"Canada, UK",$25k to $600k,"2. Prototype, 3. Early Revenue",Never,We invest in early-stage companies that build resilience for both people and the planet.,,,,https://www.openvc.app/fund/Dangerous%20Ventures,venture-capital-firms
Coalition Operator...,VC firm,USA,$100k to $5M,"3. Early Revenue, 4. Scaling",Never,We invest in early-stage small and medium businesses across various sectors.,,,,https://www.openvc.app/fund/Coalition%20Operators,venture-capital-firms
REMUS Capital,VC firm,"Finland, UK",$10k to $20M,"2. Prototype, 3. Early Revenue",Never,"We invest in early-stage companies driving digital transformation, particularly in agriculture, industrial manufacturing, and medicine.",,,,https://www.openvc.app/fund/REMUS%20Capital,venture-capital-firms
AME Cloud Ventures,VC firm,"Australia, Canada",$100k to $10M,"2. Prototype, 3. Early Revenue",Never,We invest in technology companies building infrastructure and value chains around data.,,,,https://www.openvc.app/fund/AME%20Cloud%20Ventures,venture-capital-firms
Osbon Capital Mana...,VC firm,USA,$50k to $1M,"3. Early Revenue, 4. Scaling",Sometimes,We invest in solutions that help individuals achieve their financial and investment objectives.,,,,https://www.openvc.app/fund/Osbon%20Capital%20Management,venture-capital-firms
Redpoint Ventures ...,VC firm,"China, Nigeria",$250k to $3M,"3. Early Revenue, 4. Scaling",Sometimes,We invest in early-stage companies within the TMT sector.,,,,https://www.openvc.app/fund/Redpoint%20Ventures%20China,venture-capital-firms
Synthesis Capital,VC firm,"Austria, Israel",$100k to $5M,"3. Early Revenue, 4. Scaling",Sometimes,We invest in the future of food.,,,,https://www.openvc.app/fund/Synthesis%20Capital,venture-capital-firms
WorldQuant Venture...,VC firm,"Canada, India",$100k to $5M,"2. Prototype, 3. Early Revenue",Sometimes,We invest in early stage companies.,,,,https://www.openvc.app/fund/WorldQuant%20Ventures%20LLC,venture-capital-firms
ZAS Ventures,VC firm,"Ukraine, USA",$50k to $200k,"2. Prototype, 3. Early Revenue",Sometimes,"We invest in early-stage startups from Ukraine solving global challenges across SaaS, logistics, deeptech, healthtech, climate tech, and B2B marketplaces. We invest $50–200K via SAFE, support US market expansion, and connect founders to global capital and expert networks.","We’re hands-on partners from day one — providing strategic audits, go-to-market support, coaching, and access to top-tier mentors and global investors. We specialize in helping Ukrainian founders succeed on the US market.",,,https://www.openvc.app/fund/ZAS%20Ventures,venture-capital-firms
Section 32,VC firm,"Canada, India",$10k to $10M,"2. Prototype, 3. Early Revenue",Sometimes,"We invest in information technology, healthcare, and life sciences innovations.",,,,https://www.openvc.app/fund/Section%2032,venture-capital-firms
Scale Capital (Den...,VC firm,"Denmark, Sweden",$500k to $3M,"3. Early Revenue, 4. Scaling",Sometimes,"We invest in Nordic & German B2B tech companies within Enterprise Software, SaaS and DeepTech looking to scale and win in the US market.","Extensive commercial experience, as well as a proven track-record of bringing 15+ Nordic & German startups to the US market successful.",,,https://www.openvc.app/fund/Scale%20Capital%20%28Denmark%29,venture-capital-firms
Lerer Hippeau,VC firm,"Canada, France",$100k to $3M,"2. Prototype, 3. Early Revenue",Sometimes,We invest in companies across both the enterprise and consumer sectors.,,,,https://www.openvc.app/fund/Lerer%20Hippeau,venture-capital-firms
Fund Fashion VC,VC firm,"Nigeria, USA",$1k to $1k,"1. Idea or Patent, 2. Prototype",Always,"We invest in companies empowering Africa’s creative economy through fashion innovation. We back early-stage startups using AI, AR/VR, Web3, and SaaS solutions to drive sustainability, supply chain efficiency, and digital commerce. We invest in visionary founders merging fashion, culture, and technology to build scalable, impact-driven businesses that redefine the future of Africa’s fashion ecosystem.","We support our portfolio companies beyond funding. With our next investment pool, we provide hands-on mentorship, business development guidance, and access to industry networks. We connect founders to fashion accelerators, innovation hubs, and potential investors while helping refine their business models, go-to-market strategies, and sustainability practices. Our focus is to nurture early-stage founders with limited resources into scalable, investment-ready brands.",,,https://www.openvc.app/fund/Fund%20Fashion%20VC,venture-capital-firms
Goat Capital,VC firm,"India, Indonesia",$50k to $3M,"2. Prototype, 3. Early Revenue",Sometimes,"We invest in early-stage companies, with a focus on business development.",,,,https://www.openvc.app/fund/Goat%20Capital,venture-capital-firms
Las Olas Venture C...,VC firm,USA,$200k to $2M,"3. Early Revenue, 4. Scaling",Always,We invest in US-based B2B vertical software and software-enabled marketplaces with early signs of product/market fit.,"At LOVC, we love backing founders who are replacing outdated legacy systems in fragmented industries. As former operators ourselves, we pride ourselves on being value-add investors—we move quickly and don’t waste your time. We typically help our portfolio companies with sales, recruiting, fundraising, and overall growth strategy.",,,https://www.openvc.app/fund/Las%20Olas%20Venture%20Capital,venture-capital-firms
Maine Venture Fund,VC firm,USA,$100k to $300k,"3. Early Revenue, 4. Scaling",Sometimes,We invest in companies.,,,,https://www.openvc.app/fund/Maine%20Venture%20Fund,venture-capital-firms
Maverick Ventures,VC firm,"China, Denmark",$100k to $5M,"2. Prototype, 3. Early Revenue",Sometimes,We invest in early-stage healthcare and technology-driven businesses.,,,,https://www.openvc.app/fund/Maverick%20Ventures,venture-capital-firms
Navivo Capital,VC firm,"Germany, France",$1M to $2.5M,"3. Early Revenue, 4. Scaling",Always,"We invest in CEE-based companies with a proven product and help them go global. (fintech, IoT, SaaS, deeptech, hardware, AI, data platforms, advanced manufacturing, Advanced materials, robotics)","We offer complete unique VC package of flexible capital, entrepreneurial and investment experience.",,,https://www.openvc.app/fund/Navivo%20Capital,venture-capital-firms
Hetz Ventures,VC firm,"Israel, Mexico",$100k to $10M,"3. Early Revenue, 4. Scaling",Sometimes,We invest in deep technology startups.,,,,https://www.openvc.app/fund/Hetz%20Ventures,venture-capital-firms
Abingworth,VC firm,"Canada, Denmark",$15M to $30M,"3. Early Revenue, 4. Scaling",Sometimes,"We invest in biotech, diagnostics, life sciences, and medical devices.",,,,https://www.openvc.app/fund/Abingworth,venture-capital-firms
Embark Ventures,VC firm,USA,$250k to $2M,"2. Prototype, 3. Early Revenue",Never,"We invest in deep tech, including fintech solutions.",,,,https://www.openvc.app/fund/Embark%20Ventures,venture-capital-firms
PurposeTech,VC firm,"Poland, Belarus",$10k to $250k,"1. Idea or Patent, 2. Prototype",Sometimes,"We invest in impact-oriented startups. Some fields are sustainable technology, climate technology, green technology, digital health, education technology, waste reduction, carbon reduction, agriculture technology, etc.","We invest super early.
As the initial investors in the startups we support, we participate in angel or pre-seed rounds. We frequently collaborate with other funds and angels, and act as the lead investor where required.

We are very hands-on.
We devote several hours per week to each of our startups, primarily assisting them in building an investable MVP with adequate traction. We are structured, evidence-based and always absolutely honest.

We open doors.
Our close partnership with the Impact Hub(<https://impacthub.net/>) grants us access to a vast network of entrepreneurs, experts, and decision-makers. As a result, we provide introductions and open doors for our startups regularly.",,,https://www.openvc.app/fund/PurposeTech,venture-capital-firms
Launchpad Capital,VC firm,"Lithuania, USA",$100k to $5M,"2. Prototype, 3. Early Revenue",Sometimes,"We invest in finance, insurance, real estate.",,,,https://www.openvc.app/fund/Launchpad%20Capital,venture-capital-firms
ShangBay Capital,VC firm,USA,$100k to $1M,"1. Idea or Patent, 2. Prototype",Sometimes,We Invest in early stage medtech targeting unmet clinical needs/significantly improving on current standard of care,"Our firm adds value by leveraging deep industry expertise, strong partnerships with leading strategics and VCs, and a proven track record to help portfolio companies navigate multiple pathways to success. We offer precise deal access and hands-on support from a team of seasoned entrepreneurs and healthcare executives.",,,https://www.openvc.app/fund/ShangBay%20Capital,venture-capital-firms
Plumule Advisory,VC firm,"Nigeria, Kenya",$50k to $200k,"3. Early Revenue, 4. Scaling",Never,"We invest across 8 verticals including FinTech, HealthTech, EdTech, Logistics, Mobility, Marketplaces, B2B SaaS","We focus on founders solving the most critical problems in large markets. Through our expertise, we support start-ups in refining strategies, navigating challenges, and maximizing their growth potential. Through our extensive network of co-investors who participate in subsequent financing rounds, we empower our portfolio companies to uncover new revenue streams, reach first-time clients, and expand into previously untapped markets.",,,https://www.openvc.app/fund/Plumule%20Advisory,venture-capital-firms
She Capital,VC firm,India,$500k to $900k,"3. Early Revenue, 4. Scaling",Sometimes,"We invest in fintech, deep tech, web3, consumer tech, consumer SaaS, longevity, health tech, and consumer brands making products for the global consumer.","We support our portfolio companies beyond capital through strategic guidance, operational support, customer and vendor introductions, marketing assistance, and access to our network. We also help founders prepare for future fundraising by providing investor introductions and ongoing mentorship to support long-term growth.",,,https://www.openvc.app/fund/She%20Capital,venture-capital-firms
City Light Capital,VC firm,"Canada, USA",$50k to $4M,"2. Prototype, 3. Early Revenue",Never,"We invest in impactful companies across education, the environment, and social impact.",,,,https://www.openvc.app/fund/City%20Light%20Capital,venture-capital-firms
Entrée Capital,VC firm,"Australia, Brazil",$150k to $15M,"2. Prototype, 3. Early Revenue",Sometimes,"We invest in multi-stage startups and companies globally, with a focus on enterprise and infrastructure.",,,,https://www.openvc.app/fund/Entr%C3%A9e%20Capital,venture-capital-firms
Anorak Ventures,VC firm,"Canada, Denmark",$50k to $400k,"2. Prototype, 3. Early Revenue",Never,We invest in transformative technologies and visionary individuals at their earliest stages.,,,,https://www.openvc.app/fund/Anorak%20Ventures,venture-capital-firms
Hemi Ventures,VC firm,"China, Taiwan",$250k to $500k,"2. Prototype, 3. Early Revenue",Sometimes,"We invest in deep technology companies focused on autonomous vehicles, artificial intelligence, and biotech.",,,,https://www.openvc.app/fund/Hemi%20Ventures,venture-capital-firms
Sunsino Venture Gr...,VC firm,"USA, Hong Kong",$200k to $2M,"1. Idea or Patent, 2. Prototype",Sometimes,"We invest in AI, IOT, Medtech, ESG startups with working demos & MVP validated by reputable player from the relevant industry and/or initial sales.","With 30 years of experience in venture investment, we understand the challenges startups face in the early stages. Our team go beyond capital, bringing a wealth of network and expertise to the table. In the meantime, our proprietary platform, STARTUP101, is an exclusive and unique tools for entrepreneurs to grow their businesses.",,,https://www.openvc.app/fund/Sunsino%20Venture%20Group,venture-capital-firms
Clout Capital,VC firm,"Chile, Mexico",$100k to $5M,"3. Early Revenue, 4. Scaling",Sometimes,We invest in tech.,,,,https://www.openvc.app/fund/Clout%20Capital,venture-capital-firms
TRAC,VC firm,"Canada, USA",$250k to $1M,"2. Prototype, 3. Early Revenue",Never,We invest in companies leveraging data for insights.,,,,https://www.openvc.app/fund/TRAC,venture-capital-firms
Nine Four Ventures,VC firm,"Australia, Canada",$250k to $20M,"2. Prototype, 3. Early Revenue",Sometimes,We invest in PropTech solutions.,,,,https://www.openvc.app/fund/Nine%20Four%20Ventures,venture-capital-firms
Glasswing Ventures,VC firm,"Canada, USA",$100k to $5M,"1. Idea or Patent, 2. Prototype",Always,"We invest in early-stage founders building AI-native and Frontier Tech companies for the enterprise B2B and cybersecurity markets. We invest in areas such as Vertical AI, Physical AI, AI-adaptive infrastructure, intelligent enterprise defense, collaborative intelligence platforms, and next-gen compute.","Glasswing Ventures' internal team mirrors the end-to-end C-suite of a successful Frontier Tech company. Combined with the expertise of the firm's 60+ exclusive advisors, the firm's founders have access to unparalled levels of knowledge and resources. The firm makes hundreds of talen and customer introductions annually.",,,https://www.openvc.app/fund/Glasswing%20Ventures,venture-capital-firms
Kirenaga Partners,VC firm,USA,$1M to $3M,"3. Early Revenue, 4. Scaling",Sometimes,We invest in early stage companies.,,,,https://www.openvc.app/fund/Kirenaga%20Partners,venture-capital-firms
PI Ventures,VC firm,India,$250k to $2M,"1. Idea or Patent, 2. Prototype",Always,"We invest in Artificial Intelligence, Machine Intelligence & IoT, as we rapidly see hardware and software products coming together using artificial and machine intelligence to create disruptive ventures across multiple sectors","Leading deeptech investments in India , having backed companies like AgniKul, Pixis, Niramai speaks for itself",,,https://www.openvc.app/fund/PI%20Ventures,venture-capital-firms
Lukkap Venture Lab,VC firm,Spain,$50k to $150k,"1. Idea or Patent, 2. Prototype",Sometimes,"We invest in early stage startups that have already developed a product with a market fit. Our pre-money valuation limit is around $4M. 
We invest in all kind of industries, except crypto, web3 and similar.","We help in 4 ways:
1- Money, as every other VC (tickets of approximately 150k)
2- Consulting firm resources, meaning guidance from top partners, directors and managers with specific expertise in different fields or business challenges
3-  Consulting firm network, connecting our extensive base of clients and partners with our startups (C-level executives from all kind of companies)
4- Central services, helping with recruitment, finance, accounting...",,,https://www.openvc.app/fund/Lukkap%20Venture%20Lab,venture-capital-firms
Quadrille Capital,VC firm,"Austria, Canada",$100k to $5M,"4. Scaling, 5. Growth",Sometimes,We invest in diverse opportunities.,,,,https://www.openvc.app/fund/Quadrille%20Capital,venture-capital-firms
Euclid Ventures,VC firm,"Canada, USA",$500k to $1M,"1. Idea or Patent, 2. Prototype",Always,"We invest in Vertical Software, Marketplaces, and Platforms. High-focus on founder-market fit.","Partners from day zero, we bring dedicated expertise, capital, and network to help domain experts build the industry platforms of the future.",,,https://www.openvc.app/fund/Euclid%20Ventures,venture-capital-firms
Initialized Capita...,VC firm,"Canada, Estonia",$1M to $7M,"2. Prototype, 3. Early Revenue",Sometimes,We invest in early-stage software companies.,,,,https://www.openvc.app/fund/Initialized%20Capital,venture-capital-firms
Spiral Ventures,VC firm,"India, Indonesia",$100k to $1M,"3. Early Revenue, 2. Prototype",Never,"We invest in Pre-Seed up to Series A round. Sectors that we have invested in: E-Commerce, Marketplace, FinTech, HealthTech, Supply Chain, Manufacturing as a Service, B2B/Enterprise Solution, SaaS, Consumer Platform, etc.","We help bringing Japanese clients and strategic investors to our portfolio companies, and provide support to go public in Tokyo Stock Exchange.",,,https://www.openvc.app/fund/Spiral%20Ventures,venture-capital-firms
Combine,VC firm,"Netherlands, USA",$100k to $10M,"2. Prototype, 3. Early Revenue",Never,We invest in product design.,,,,https://www.openvc.app/fund/Combine,venture-capital-firms
Far Out Ventures,VC firm,"USA, Canada",$200k to $500k,"3. Early Revenue, 2. Prototype",Sometimes,"We invest in: 
-Venture Scale: clear potential to reach $100M+ revenue in 5-7 years
-Stage: Pre-Seed and Seed
-Business Model: Software (Marketplace, Enterprise & Vertical SaaS, FinTech)
-Sectors: B2B (or B2B2C Marketplaces)
-Geographies: United States, Canada, Latin America
-Check Size: $250-500K (Pre-Seed); $500-750K (Seed)
-Target Ownership: 5% at entry (2.5% minimum)
-Post-Money Valuation: $15M maximum at entry; <$10M strongly preferred
-Non-consensus: traditionally overlooked founders (background, geo, market)
-Lead: we don't lead rounds in the traditional sense, but we often help structure and/or write the largest check in pre-seed rounds","We apply a hands-on approach to coach and mentor founders from pre-revenue through Series A on all things product, go-to-market, talent, and leadership.",,,https://www.openvc.app/fund/Far%20Out%20Ventures,venture-capital-firms
Aviso Ventures,VC firm,"Canada, USA",$100k to $5M,"3. Early Revenue, 4. Scaling",Never,We invest in a wide range of opportunities.,,,,https://www.openvc.app/fund/Aviso%20Ventures,venture-capital-firms
DOMiNO Ventures,VC firm,"Azerbaijan, Kazakhstan",$100k to $1M,"2. Prototype, 3. Early Revenue",Always,"We invest in founders who are solving new problems of the modern world in AI, Deeptech, Cleantech, Healthtech, Fintech, Hrtech, Edtech, Gametech, Cybersecurity and Life Science.","We believe our focus region and its diaspora offer an outstanding talent pool and we help them realize their global ambitions to create DOMiNO Effect for Better Future. We are backing founders who are solving new problems of the modern world in AI, Deeptech, Cleantech and beyond.",,,https://www.openvc.app/fund/DOMiNO%20Ventures,venture-capital-firms
Virtual Network,VC firm,"Switzerland, USA",$50k to $250k,"1. Idea or Patent, 2. Prototype",Never,"We invest in companies with a strong competitive advantage, scalable and validated business model. B2B SaaS, Fintech, Blockchain, AI, crypto, Web3.",We bring more than 25 years of experience in the digital sector.,,,https://www.openvc.app/fund/Virtual%20Network,venture-capital-firms
Golden Section Ven...,VC firm,"USA, Mexico",$250k to $4M,"3. Early Revenue, 4. Scaling",Sometimes,We invest in B2B SaaS companies with $1M+ ARR,"We support founders by providing technical development expertise, proprietary financial analysis software, and strategy for exit opportunities.",,,https://www.openvc.app/fund/Golden%20Section%20Ventures,venture-capital-firms
Revent,VC firm,"Germany, France",$100k to $4M,"1. Idea or Patent, 2. Prototype",Sometimes,We invest in Climate Energy Empowerment Education Health,"We gather a community of purpose-led founders, investors and scientists to drive systemic change in climate, healthcare, education and finance. 
 
Our role is to provide founders the platform to succeed, supporting them with capital, relevant networks and an aligned mission.",,,https://www.openvc.app/fund/Revent,venture-capital-firms
Moore Venture Part...,VC firm,USA,$250k to $1M,"2. Prototype, 3. Early Revenue",Sometimes,We invest in technology and life science companies.,,,,https://www.openvc.app/fund/Moore%20Venture%20Partners,venture-capital-firms
Riso Capital,VC firm,"India, USA",$100k to $5M,"2. Prototype, 3. Early Revenue",Sometimes,We invest in promising startups and help them expand into global markets.,,,,https://www.openvc.app/fund/Riso%20Capital,venture-capital-firms
Supermoon Capital,VC firm,"Germany, Israel",$250k to $2.5M,"2. Prototype, 3. Early Revenue",Sometimes,We invest in innovations within the sleep market.,,,,https://www.openvc.app/fund/Supermoon%20Capital,venture-capital-firms
Blueprint Ventures...,VC firm,"Singapore, South Korea",$250k to $1M,"2. Prototype, 3. Early Revenue",Sometimes,"Blueprint Ventures is an early-stage venture capital firm investing in Consumer AI and CPG businesses, backing founders building generation-defining companies","We actively support our companies to expand regionally, across APAC, and ultimately globally. Often being the first institutional cheque, we support our companies in their evolution into a scale-up, through strategic support on how to build their brand, implementing best-in-class governance and on their fundraising strategies.",,,https://www.openvc.app/fund/Blueprint%20Ventures%20%28SG%29,venture-capital-firms
TVP,VC firm,USA,$100k to $5M,"2. Prototype, 3. Early Revenue",Sometimes,"We invest in early-stage startups focused on Bitcoin and Lightning Network technologies, as well as those leveraging artificial intelligence, cryptocurrency, cybersecurity, machine learning, and SaaS.",,,,https://www.openvc.app/fund/TVP,venture-capital-firms
Clout Capital,VC firm,"Chile, Mexico",$100k to $5M,"3. Early Revenue, 4. Scaling",Sometimes,We invest in tech.,,,,https://www.openvc.app/fund/Clout%20Capital,venture-capital-firms
Goose Capital,VC firm,"Canada, Germany",$250k to $5M,"3. Early Revenue, 4. Scaling",Sometimes,"We are agnostic, but focus on pre-seed to series A with investors who we know have the ability to make strong decisions, lead as CEO's and commercialize their company to the point of a strong exit.","We are a group of former Fortune 500 CEO's or successful founders that can provide deep industry expertise and support in the growth of your firm. We not only have the ability to lead rounds, but consider follow-ons as well.",,,https://www.openvc.app/fund/Goose%20Capital,venture-capital-firms
Rainfall Ventures,VC firm,"Brazil, Canada",$100k to $1M,"2. Prototype, 3. Early Revenue",Sometimes,"We invest as an early-stage, generalist investor, partnering with founders to drive industry transformation.",,,,https://www.openvc.app/fund/Rainfall%20Ventures,venture-capital-firms
